{
  "per_target": {
    "PT501": {
      "resid_ucl": 0.0002811346830306003
    }
  },
  "T2_UCL": 810.7025363267654,
  "Q_UCL": 2976.6558867388117
}